texto,clase,origen
"En el otoño de 1939, mientras Europa se sumía en el caos de la guerra, un pequeño pueblo del sur de Francia permanecía ajeno a la tormenta. Los niños seguían asistiendo a la escuela y muchos ancianos charlaban en la plaza como cada mañana. Pero la tensión era palpable en muchos gestos, en las palabras dichas entre susurros.",humano,Libro histórico
"La energía eólica ha evolucionado notablemente en las últimas décadas. Gracias a la innovación en diseño de turbinas y a las políticas públicas de fomento, muchos países han logrado cubrir una parte significativa de su demanda energética mediante fuentes renovables. España, por ejemplo, ha superado récords de producción en varios periodos recientes.",humano,Artículo científico
"Siempre me ha fascinado la forma en que muchos trenes atraviesan el paisaje. Recuerdo con cariño aquelmuchos veranos en muchos que, desde la ventana del vagón, observaba muchos campos moverse como una pintura viva. Hay algo nostálgico en ese traqueteo, en la sensación de moverse hacia el futuro mientras se deja atrás un pedazo de historia.",humano,Blog personal
"En su ensayo sobre la condición humana, la autora plantea una crítica profunda al modo en que la modernidad ha diluido muchos víncumuchos sociales. La sociedad líquida, como ella la define, privilegia lo instantáneo y deshecha con rapidez cualquier atisbo de compromiso. La reflexión se torna aún más vigente en la era de las redes sociales.",humano,Ensayo académico
"El gobierno ha anunciado una serie de reformas fiscales que entrarán en vigor el próximo año. Según el comunicado oficial, estas medidas buscan aliviar la carga sobre las pequeñas y medianas empresas. No obstante, algunos sectores han expresado dudas sobre la equidad del nuevo sistema impositivo.",humano,Noticia de prensa
"En el otoño de 1939, mientras Europa se sumía en el caos de la guerra, un pequeño pueblo del sur de Francia permanecía ajeno a la tormenta. Los niños seguían asistiendo a la escuela y los ancianos charlaban en la plaza como cada mañana. Pero la tensión era palpable en los gestos, en las palabras dichas entre susurros.",humano,Libro histórico
"La energía eólica ha evolucionado notablemente en las últimas décadas. Gracias a la innovación en diseño de turbinas y a las políticas públicas de fomento, muchos países han logrado cubrir una parte significativa de su demanda energética mediante fuentes renovables. España, por ejemplo, ha superado récords de producción en varios periodos recientes.",humano,Artículo científico
"Siempre me ha fascinado la forma en que los trenes atraviesan el paisaje. Recuerdo con cariño aquellos veranos en los que, desde la ventana del vagón, observaba los campos moverse como una pintura viva. Hay algo nostálgico en ese traqueteo, en la sensación de moverse hacia el futuro mientras se deja atrás un pedazo de historia.",humano,Blog personal
"En su ensayo sobre la condición humana, la autora plantea una crítica profunda al modo en que la modernidad ha diluido los vínculos sociales. La sociedad líquida, como ella la define, privilegia lo instantáneo y deshecha con rapidez cualquier atisbo de compromiso. La reflexión se torna aún más vigente en la era de las redes sociales.",humano,Ensayo académico
"El gobierno ha anunciado una serie de reformas fiscales que entrarán en vigor el próximo año. Según el comunicado oficial, estas medidas buscan aliviar la carga sobre las pequeñas y medianas empresas. No obstante, algunos sectores han expresado dudas sobre la equidad del nuevo sistema impositivo.",humano,Noticia de prensa
"En el otoño de 1939, mientras Europa se sumía en el caos de la guerra, un pequeño pueblo del sur de Francia permanecía ajeno a la tormenta. Los niños seguían asistiendo a la escuela y muchos ancianos charlaban en la plaza como cada mañana. Pero la tensión era palpable en muchos gestos, en las palabras dichas entre susurros.",humano,Libro histórico
"La energía eólica ha evolucionado notablemente en las últimas décadas. Gracias a la innovación en diseño de turbinas y a las políticas públicas de fomento, muchos países han logrado cubrir una parte significativa de su demanda energética mediante fuentes renovables. España, por ejemplo, ha superado récords de producción en varios periodos recientes.",humano,Artículo científico
"Siempre me ha fascinado la forma en que muchos trenes atraviesan el paisaje. Recuerdo con cariño aquelmuchos veranos en muchos que, desde la ventana del vagón, observaba muchos campos moverse como una pintura viva. Hay algo nostálgico en ese traqueteo, en la sensación de moverse hacia el futuro mientras se deja atrás un pedazo de historia.",humano,Blog personal
"En su ensayo sobre la condición humana, la autora plantea una crítica profunda al modo en que la modernidad ha diluido muchos víncumuchos sociales. La sociedad líquida, como ella la define, privilegia lo instantáneo y deshecha con rapidez cualquier atisbo de compromiso. La reflexión se torna aún más vigente en la era de las redes sociales.",humano,Ensayo académico
"El gobierno ha anunciado una serie de reformas fiscales que entrarán en vigor el próximo año. Según el comunicado oficial, estas medidas buscan aliviar la carga sobre las pequeñas y medianas empresas. No obstante, algunos sectores han expresado dudas sobre la equidad del nuevo sistema impositivo.",humano,Noticia de prensa
"En el otoño de 1939, mientras Europa se sumía en el caos de la guerra, un pequeño pueblo del sur de Francia permanecía ajeno a la tormenta. Los niños seguían asistiendo a la escuela y los ancianos charlaban en la plaza como cada mañana. Pero la tensión era palpable en los gestos, en las palabras dichas entre susurros.",humano,Libro histórico
"La energía eólica ha evolucionado notablemente en las últimas décadas. Gracias a la innovación en diseño de turbinas y a las políticas públicas de fomento, muchos países han logrado cubrir una parte significativa de su demanda energética mediante fuentes renovables. España, por ejemplo, ha superado récords de producción en varios periodos recientes.",humano,Artículo científico
"Siempre me ha fascinado la forma en que los trenes atraviesan el paisaje. Recuerdo con cariño aquellos veranos en los que, desde la ventana del vagón, observaba los campos moverse como una pintura viva. Hay algo nostálgico en ese traqueteo, en la sensación de moverse hacia el futuro mientras se deja atrás un pedazo de historia.",humano,Blog personal
"En su ensayo sobre la condición humana, la autora plantea una crítica profunda al modo en que la modernidad ha diluido los vínculos sociales. La sociedad líquida, como ella la define, privilegia lo instantáneo y deshecha con rapidez cualquier atisbo de compromiso. La reflexión se torna aún más vigente en la era de las redes sociales.",humano,Ensayo académico
"El gobierno ha anunciado una serie de reformas fiscales que entrarán en vigor el próximo año. Según el comunicado oficial, estas medidas buscan aliviar la carga sobre las pequeñas y medianas empresas. No obstante, algunos sectores han expresado dudas sobre la equidad del nuevo sistema impositivo.",humano,Noticia de prensa
"En el otoño de 1939, mientras Europa se sumía en el caos de la guerra, un pequeño pueblo del sur de Francia permanecía ajeno a la tormenta. Los niños seguían asistiendo a la escuela y muchos ancianos charlaban en la plaza como cada mañana. Pero la tensión era palpable en muchos gestos, en las palabras dichas entre susurros.",humano,Libro histórico
"La energía eólica ha evolucionado notablemente en las últimas décadas. Gracias a la innovación en diseño de turbinas y a las políticas públicas de fomento, muchos países han logrado cubrir una parte significativa de su demanda energética mediante fuentes renovables. España, por ejemplo, ha superado récords de producción en varios periodos recientes.",humano,Artículo científico
"Siempre me ha fascinado la forma en que muchos trenes atraviesan el paisaje. Recuerdo con cariño aquelmuchos veranos en muchos que, desde la ventana del vagón, observaba muchos campos moverse como una pintura viva. Hay algo nostálgico en ese traqueteo, en la sensación de moverse hacia el futuro mientras se deja atrás un pedazo de historia.",humano,Blog personal
"En su ensayo sobre la condición humana, la autora plantea una crítica profunda al modo en que la modernidad ha diluido muchos víncumuchos sociales. La sociedad líquida, como ella la define, privilegia lo instantáneo y deshecha con rapidez cualquier atisbo de compromiso. La reflexión se torna aún más vigente en la era de las redes sociales.",humano,Ensayo académico
"El gobierno ha anunciado una serie de reformas fiscales que entrarán en vigor el próximo año. Según el comunicado oficial, estas medidas buscan aliviar la carga sobre las pequeñas y medianas empresas. No obstante, algunos sectores han expresado dudas sobre la equidad del nuevo sistema impositivo.",humano,Noticia de prensa
"En el otoño de 1939, mientras Europa se sumía en el caos de la guerra, un pequeño pueblo del sur de Francia permanecía ajeno a la tormenta. Los niños seguían asistiendo a la escuela y los ancianos charlaban en la plaza como cada mañana. Pero la tensión era palpable en los gestos, en las palabras dichas entre susurros.",humano,Libro histórico
"La energía eólica ha evolucionado notablemente en las últimas décadas. Gracias a la innovación en diseño de turbinas y a las políticas públicas de fomento, muchos países han logrado cubrir una parte significativa de su demanda energética mediante fuentes renovables. España, por ejemplo, ha superado récords de producción en varios periodos recientes.",humano,Artículo científico
"Siempre me ha fascinado la forma en que los trenes atraviesan el paisaje. Recuerdo con cariño aquellos veranos en los que, desde la ventana del vagón, observaba los campos moverse como una pintura viva. Hay algo nostálgico en ese traqueteo, en la sensación de moverse hacia el futuro mientras se deja atrás un pedazo de historia.",humano,Blog personal
"En su ensayo sobre la condición humana, la autora plantea una crítica profunda al modo en que la modernidad ha diluido los vínculos sociales. La sociedad líquida, como ella la define, privilegia lo instantáneo y deshecha con rapidez cualquier atisbo de compromiso. La reflexión se torna aún más vigente en la era de las redes sociales.",humano,Ensayo académico
"El gobierno ha anunciado una serie de reformas fiscales que entrarán en vigor el próximo año. Según el comunicado oficial, estas medidas buscan aliviar la carga sobre las pequeñas y medianas empresas. No obstante, algunos sectores han expresado dudas sobre la equidad del nuevo sistema impositivo.",humano,Noticia de prensa
"En el otoño de 1939, mientras Europa se sumía en el caos de la guerra, un pequeño pueblo del sur de Francia permanecía ajeno a la tormenta. Los niños seguían asistiendo a la escuela y muchos ancianos charlaban en la plaza como cada mañana. Pero la tensión era palpable en muchos gestos, en las palabras dichas entre susurros.",humano,Libro histórico
"La energía eólica ha evolucionado notablemente en las últimas décadas. Gracias a la innovación en diseño de turbinas y a las políticas públicas de fomento, muchos países han logrado cubrir una parte significativa de su demanda energética mediante fuentes renovables. España, por ejemplo, ha superado récords de producción en varios periodos recientes.",humano,Artículo científico
"Siempre me ha fascinado la forma en que muchos trenes atraviesan el paisaje. Recuerdo con cariño aquelmuchos veranos en muchos que, desde la ventana del vagón, observaba muchos campos moverse como una pintura viva. Hay algo nostálgico en ese traqueteo, en la sensación de moverse hacia el futuro mientras se deja atrás un pedazo de historia.",humano,Blog personal
"En su ensayo sobre la condición humana, la autora plantea una crítica profunda al modo en que la modernidad ha diluido muchos víncumuchos sociales. La sociedad líquida, como ella la define, privilegia lo instantáneo y deshecha con rapidez cualquier atisbo de compromiso. La reflexión se torna aún más vigente en la era de las redes sociales.",humano,Ensayo académico
"El gobierno ha anunciado una serie de reformas fiscales que entrarán en vigor el próximo año. Según el comunicado oficial, estas medidas buscan aliviar la carga sobre las pequeñas y medianas empresas. No obstante, algunos sectores han expresado dudas sobre la equidad del nuevo sistema impositivo.",humano,Noticia de prensa
"En el otoño de 1939, mientras Europa se sumía en el caos de la guerra, un pequeño pueblo del sur de Francia permanecía ajeno a la tormenta. Los niños seguían asistiendo a la escuela y los ancianos charlaban en la plaza como cada mañana. Pero la tensión era palpable en los gestos, en las palabras dichas entre susurros.",humano,Libro histórico
"La energía eólica ha evolucionado notablemente en las últimas décadas. Gracias a la innovación en diseño de turbinas y a las políticas públicas de fomento, muchos países han logrado cubrir una parte significativa de su demanda energética mediante fuentes renovables. España, por ejemplo, ha superado récords de producción en varios periodos recientes.",humano,Artículo científico
"Siempre me ha fascinado la forma en que los trenes atraviesan el paisaje. Recuerdo con cariño aquellos veranos en los que, desde la ventana del vagón, observaba los campos moverse como una pintura viva. Hay algo nostálgico en ese traqueteo, en la sensación de moverse hacia el futuro mientras se deja atrás un pedazo de historia.",humano,Blog personal
"En su ensayo sobre la condición humana, la autora plantea una crítica profunda al modo en que la modernidad ha diluido los vínculos sociales. La sociedad líquida, como ella la define, privilegia lo instantáneo y deshecha con rapidez cualquier atisbo de compromiso. La reflexión se torna aún más vigente en la era de las redes sociales.",humano,Ensayo académico
"El gobierno ha anunciado una serie de reformas fiscales que entrarán en vigor el próximo año. Según el comunicado oficial, estas medidas buscan aliviar la carga sobre las pequeñas y medianas empresas. No obstante, algunos sectores han expresado dudas sobre la equidad del nuevo sistema impositivo.",humano,Noticia de prensa
"En el otoño de 1939, mientras Europa se sumía en el caos de la guerra, un pequeño pueblo del sur de Francia permanecía ajeno a la tormenta. Los niños seguían asistiendo a la escuela y muchos ancianos charlaban en la plaza como cada mañana. Pero la tensión era palpable en muchos gestos, en las palabras dichas entre susurros.",humano,Libro histórico
"La energía eólica ha evolucionado notablemente en las últimas décadas. Gracias a la innovación en diseño de turbinas y a las políticas públicas de fomento, muchos países han logrado cubrir una parte significativa de su demanda energética mediante fuentes renovables. España, por ejemplo, ha superado récords de producción en varios periodos recientes.",humano,Artículo científico
"Siempre me ha fascinado la forma en que muchos trenes atraviesan el paisaje. Recuerdo con cariño aquelmuchos veranos en muchos que, desde la ventana del vagón, observaba muchos campos moverse como una pintura viva. Hay algo nostálgico en ese traqueteo, en la sensación de moverse hacia el futuro mientras se deja atrás un pedazo de historia.",humano,Blog personal
"En su ensayo sobre la condición humana, la autora plantea una crítica profunda al modo en que la modernidad ha diluido muchos víncumuchos sociales. La sociedad líquida, como ella la define, privilegia lo instantáneo y deshecha con rapidez cualquier atisbo de compromiso. La reflexión se torna aún más vigente en la era de las redes sociales.",humano,Ensayo académico
"El gobierno ha anunciado una serie de reformas fiscales que entrarán en vigor el próximo año. Según el comunicado oficial, estas medidas buscan aliviar la carga sobre las pequeñas y medianas empresas. No obstante, algunos sectores han expresado dudas sobre la equidad del nuevo sistema impositivo.",humano,Noticia de prensa
"En el otoño de 1939, mientras Europa se sumía en el caos de la guerra, un pequeño pueblo del sur de Francia permanecía ajeno a la tormenta. Los niños seguían asistiendo a la escuela y los ancianos charlaban en la plaza como cada mañana. Pero la tensión era palpable en los gestos, en las palabras dichas entre susurros.",humano,Libro histórico
"La energía eólica ha evolucionado notablemente en las últimas décadas. Gracias a la innovación en diseño de turbinas y a las políticas públicas de fomento, muchos países han logrado cubrir una parte significativa de su demanda energética mediante fuentes renovables. España, por ejemplo, ha superado récords de producción en varios periodos recientes.",humano,Artículo científico
"Siempre me ha fascinado la forma en que los trenes atraviesan el paisaje. Recuerdo con cariño aquellos veranos en los que, desde la ventana del vagón, observaba los campos moverse como una pintura viva. Hay algo nostálgico en ese traqueteo, en la sensación de moverse hacia el futuro mientras se deja atrás un pedazo de historia.",humano,Blog personal
"En su ensayo sobre la condición humana, la autora plantea una crítica profunda al modo en que la modernidad ha diluido los vínculos sociales. La sociedad líquida, como ella la define, privilegia lo instantáneo y deshecha con rapidez cualquier atisbo de compromiso. La reflexión se torna aún más vigente en la era de las redes sociales.",humano,Ensayo académico
"El gobierno ha anunciado una serie de reformas fiscales que entrarán en vigor el próximo año. Según el comunicado oficial, estas medidas buscan aliviar la carga sobre las pequeñas y medianas empresas. No obstante, algunos sectores han expresado dudas sobre la equidad del nuevo sistema impositivo.",humano,Noticia de prensa
"La inteligencia artificial está redefiniendo el panorama de las industrias modernas. Al integrar algoritmos de aprendizaje automático, las empresas son capaces de optimizar procesos, reducir errores humanos y ofrecer soluciones personalizadas. Esta tendencia apunta hacia una automatización cada vez más sofisticada y generalizada.",ia,Generado por ChatGPT
"La exploración espacial del siglo XXI combina la colaboración internacional con avances tecnológicos sin precedentes. Vehículos no tripulados recopilan información en tiempo real desde la superficie de Marte, mientras que telescopios de nueva generación amplían nuestra comprensión del universo observable.",ia,Generado por Claude
"Los sistemas de recomendación han revolucionado la forma en que consumimos contenido en línea. Al analizar patrones de comportamiento, estas herramientas sugieren películas, artículos o productos adaptados a los gustos individuales, mejorando la experiencia del usuario y aumentando la fidelización digital.",ia,Generado por Gemini
"La computación cuántica representa un cambio de paradigma respecto a la arquitectura binaria clásica. Utilizando qubits en lugar de bits tradicionales, permite operaciones simultáneas en múltiples estados, lo que promete resolver problemas actualmente intratables por la informática convencional.",ia,Generado por ChatGPT
"El procesamiento del lenguaje natural permite a las máquinas interpretar, generar y responder en lenguaje humano. Gracias a modelos como los transformadores, las aplicaciones actuales incluyen asistentes virtuales, traductores automáticos y herramientas de análisis semántico para empresas.",ia,Generado por Gemini
"La inteligencia artificial está redefiniendo el panorama de las industrias modernas. Al integrar algoritmos de aprendizaje automático, las empresas son capaces de optimizar procesos, reducir errores humanos y ofrecer soluciones personalizadas. Esta tendencia apunta hacia una automatización cada vez más sofisticada y generalizada.",ia,Generado por ChatGPT
"La exploración espacial del siglo XXI combina la colaboración internacional con avances tecnológicos sin precedentes. Vehículos no tripulados recopilan datos en tiempo real desde la superficie de Marte, mientras que telescopios de nueva generación amplían nuestra comprensión del universo observable.",ia,Generado por Claude
"Los sistemas de recomendación han revolucionado la forma en que consumimos contenido en línea. Al analizar patrones de comportamiento, estas herramientas sugieren películas, artículos o productos adaptados a los gustos individuales, mejorando la experiencia del usuario y aumentando la fidelización digital.",ia,Generado por Gemini
"La computación cuántica representa un cambio de paradigma respecto a la arquitectura binaria clásica. Utilizando qubits en lugar de bits tradicionales, permite operaciones simultáneas en múltiples estados, lo que promete resolver problemas actualmente intratables por la informática convencional.",ia,Generado por ChatGPT
"El procesamiento del lenguaje natural permite a las máquinas interpretar, generar y responder en lenguaje humano. Gracias a modelos como los transformadores, las aplicaciones actuales incluyen asistentes virtuales, traductores automáticos y herramientas de análisis semántico para empresas.",ia,Generado por Gemini
"La inteligencia artificial está redefiniendo el panorama de las industrias modernas. Al integrar algoritmos de aprendizaje automático, las empresas son capaces de optimizar procesos, reducir errores humanos y ofrecer soluciones personalizadas. Esta tendencia apunta hacia una automatización cada vez más sofisticada y generalizada.",ia,Generado por ChatGPT
"La exploración espacial del siglo XXI combina la colaboración internacional con avances tecnológicos sin precedentes. Vehículos no tripulados recopilan datos en tiempo real desde la superficie de Marte, mientras que telescopios de nueva generación amplían nuestra comprensión del universo observable.",ia,Generado por Claude
"Los sistemas de recomendación han revolucionado la forma en que consumimos contenido en línea. Al analizar patrones de comportamiento, estas herramientas sugieren películas, artículos o productos adaptados a los gustos individuales, mejorando la experiencia del usuario y aumentando la fidelización digital.",ia,Generado por Gemini
"La computación cuántica representa un cambio de paradigma respecto a la arquitectura binaria clásica. Utilizando qubits en lugar de bits tradicionales, permite operaciones simultáneas en múltiples estados, lo que promete resolver problemas actualmente intratables por la informática convencional.",ia,Generado por ChatGPT
"El procesamiento del lenguaje natural permite a las máquinas interpretar, generar y responder en lenguaje humano. Gracias a modelos como los transformadores, las aplicaciones actuales incluyen asistentes virtuales, traductores automáticos y herramientas de análisis semántico para empresas.",ia,Generado por Gemini
"La inteligencia artificial está redefiniendo el panorama de las industrias modernas. Al integrar algoritmos de aprendizaje automático, las empresas son capaces de optimizar procesos, reducir errores humanos y ofrecer soluciones personalizadas. Esta tendencia apunta hacia una automatización cada vez más sofisticada y generalizada.",ia,Generado por ChatGPT
"La exploración espacial del siglo XXI combina la colaboración internacional con avances tecnológicos sin precedentes. Vehículos no tripulados recopilan información en tiempo real desde la superficie de Marte, mientras que telescopios de nueva generación amplían nuestra comprensión del universo observable.",ia,Generado por Claude
"Los sistemas de recomendación han revolucionado la forma en que consumimos contenido en línea. Al analizar patrones de comportamiento, estas herramientas sugieren películas, artículos o productos adaptados a los gustos individuales, mejorando la experiencia del usuario y aumentando la fidelización digital.",ia,Generado por Gemini
"La computación cuántica representa un cambio de paradigma respecto a la arquitectura binaria clásica. Utilizando qubits en lugar de bits tradicionales, permite operaciones simultáneas en múltiples estados, lo que promete resolver problemas actualmente intratables por la informática convencional.",ia,Generado por ChatGPT
"El procesamiento del lenguaje natural permite a las máquinas interpretar, generar y responder en lenguaje humano. Gracias a modelos como los transformadores, las aplicaciones actuales incluyen asistentes virtuales, traductores automáticos y herramientas de análisis semántico para empresas.",ia,Generado por Gemini
"La inteligencia artificial está redefiniendo el panorama de las industrias modernas. Al integrar algoritmos de aprendizaje automático, las empresas son capaces de optimizar procesos, reducir errores humanos y ofrecer soluciones personalizadas. Esta tendencia apunta hacia una automatización cada vez más sofisticada y generalizada.",ia,Generado por ChatGPT
"La exploración espacial del siglo XXI combina la colaboración internacional con avances tecnológicos sin precedentes. Vehículos no tripulados recopilan datos en tiempo real desde la superficie de Marte, mientras que telescopios de nueva generación amplían nuestra comprensión del universo observable.",ia,Generado por Claude
"Los sistemas de recomendación han revolucionado la forma en que consumimos contenido en línea. Al analizar patrones de comportamiento, estas herramientas sugieren películas, artículos o productos adaptados a los gustos individuales, mejorando la experiencia del usuario y aumentando la fidelización digital.",ia,Generado por Gemini
"La computación cuántica representa un cambio de paradigma respecto a la arquitectura binaria clásica. Utilizando qubits en lugar de bits tradicionales, permite operaciones simultáneas en múltiples estados, lo que promete resolver problemas actualmente intratables por la informática convencional.",ia,Generado por ChatGPT
"El procesamiento del lenguaje natural permite a las máquinas interpretar, generar y responder en lenguaje humano. Gracias a modelos como los transformadores, las aplicaciones actuales incluyen asistentes virtuales, traductores automáticos y herramientas de análisis semántico para empresas.",ia,Generado por Gemini
"La inteligencia artificial está redefiniendo el panorama de las industrias modernas. Al integrar algoritmos de aprendizaje automático, las empresas son capaces de optimizar procesos, reducir errores humanos y ofrecer soluciones personalizadas. Esta tendencia apunta hacia una automatización cada vez más sofisticada y generalizada.",ia,Generado por ChatGPT
"La exploración espacial del siglo XXI combina la colaboración internacional con avances tecnológicos sin precedentes. Vehículos no tripulados recopilan datos en tiempo real desde la superficie de Marte, mientras que telescopios de nueva generación amplían nuestra comprensión del universo observable.",ia,Generado por Claude
"Los sistemas de recomendación han revolucionado la forma en que consumimos contenido en línea. Al analizar patrones de comportamiento, estas herramientas sugieren películas, artículos o productos adaptados a los gustos individuales, mejorando la experiencia del usuario y aumentando la fidelización digital.",ia,Generado por Gemini
"La computación cuántica representa un cambio de paradigma respecto a la arquitectura binaria clásica. Utilizando qubits en lugar de bits tradicionales, permite operaciones simultáneas en múltiples estados, lo que promete resolver problemas actualmente intratables por la informática convencional.",ia,Generado por ChatGPT
"El procesamiento del lenguaje natural permite a las máquinas interpretar, generar y responder en lenguaje humano. Gracias a modelos como los transformadores, las aplicaciones actuales incluyen asistentes virtuales, traductores automáticos y herramientas de análisis semántico para empresas.",ia,Generado por Gemini
"La inteligencia artificial está redefiniendo el panorama de las industrias modernas. Al integrar algoritmos de aprendizaje automático, las empresas son capaces de optimizar procesos, reducir errores humanos y ofrecer soluciones personalizadas. Esta tendencia apunta hacia una automatización cada vez más sofisticada y generalizada.",ia,Generado por ChatGPT
"La exploración espacial del siglo XXI combina la colaboración internacional con avances tecnológicos sin precedentes. Vehículos no tripulados recopilan información en tiempo real desde la superficie de Marte, mientras que telescopios de nueva generación amplían nuestra comprensión del universo observable.",ia,Generado por Claude
"Los sistemas de recomendación han revolucionado la forma en que consumimos contenido en línea. Al analizar patrones de comportamiento, estas herramientas sugieren películas, artículos o productos adaptados a los gustos individuales, mejorando la experiencia del usuario y aumentando la fidelización digital.",ia,Generado por Gemini
"La computación cuántica representa un cambio de paradigma respecto a la arquitectura binaria clásica. Utilizando qubits en lugar de bits tradicionales, permite operaciones simultáneas en múltiples estados, lo que promete resolver problemas actualmente intratables por la informática convencional.",ia,Generado por ChatGPT
"El procesamiento del lenguaje natural permite a las máquinas interpretar, generar y responder en lenguaje humano. Gracias a modelos como los transformadores, las aplicaciones actuales incluyen asistentes virtuales, traductores automáticos y herramientas de análisis semántico para empresas.",ia,Generado por Gemini
"La inteligencia artificial está redefiniendo el panorama de las industrias modernas. Al integrar algoritmos de aprendizaje automático, las empresas son capaces de optimizar procesos, reducir errores humanos y ofrecer soluciones personalizadas. Esta tendencia apunta hacia una automatización cada vez más sofisticada y generalizada.",ia,Generado por ChatGPT
"La exploración espacial del siglo XXI combina la colaboración internacional con avances tecnológicos sin precedentes. Vehículos no tripulados recopilan datos en tiempo real desde la superficie de Marte, mientras que telescopios de nueva generación amplían nuestra comprensión del universo observable.",ia,Generado por Claude
"Los sistemas de recomendación han revolucionado la forma en que consumimos contenido en línea. Al analizar patrones de comportamiento, estas herramientas sugieren películas, artículos o productos adaptados a los gustos individuales, mejorando la experiencia del usuario y aumentando la fidelización digital.",ia,Generado por Gemini
"La computación cuántica representa un cambio de paradigma respecto a la arquitectura binaria clásica. Utilizando qubits en lugar de bits tradicionales, permite operaciones simultáneas en múltiples estados, lo que promete resolver problemas actualmente intratables por la informática convencional.",ia,Generado por ChatGPT
"El procesamiento del lenguaje natural permite a las máquinas interpretar, generar y responder en lenguaje humano. Gracias a modelos como los transformadores, las aplicaciones actuales incluyen asistentes virtuales, traductores automáticos y herramientas de análisis semántico para empresas.",ia,Generado por Gemini
"La inteligencia artificial está redefiniendo el panorama de las industrias modernas. Al integrar algoritmos de aprendizaje automático, las empresas son capaces de optimizar procesos, reducir errores humanos y ofrecer soluciones personalizadas. Esta tendencia apunta hacia una automatización cada vez más sofisticada y generalizada.",ia,Generado por ChatGPT
"La exploración espacial del siglo XXI combina la colaboración internacional con avances tecnológicos sin precedentes. Vehículos no tripulados recopilan datos en tiempo real desde la superficie de Marte, mientras que telescopios de nueva generación amplían nuestra comprensión del universo observable.",ia,Generado por Claude
"Los sistemas de recomendación han revolucionado la forma en que consumimos contenido en línea. Al analizar patrones de comportamiento, estas herramientas sugieren películas, artículos o productos adaptados a los gustos individuales, mejorando la experiencia del usuario y aumentando la fidelización digital.",ia,Generado por Gemini
"La computación cuántica representa un cambio de paradigma respecto a la arquitectura binaria clásica. Utilizando qubits en lugar de bits tradicionales, permite operaciones simultáneas en múltiples estados, lo que promete resolver problemas actualmente intratables por la informática convencional.",ia,Generado por ChatGPT
"El procesamiento del lenguaje natural permite a las máquinas interpretar, generar y responder en lenguaje humano. Gracias a modelos como los transformadores, las aplicaciones actuales incluyen asistentes virtuales, traductores automáticos y herramientas de análisis semántico para empresas.",ia,Generado por Gemini
"La inteligencia artificial está redefiniendo el panorama de las industrias modernas. Al integrar algoritmos de aprendizaje automático, las empresas son capaces de optimizar procesos, reducir errores humanos y ofrecer soluciones personalizadas. Esta tendencia apunta hacia una automatización cada vez más sofisticada y generalizada.",ia,Generado por ChatGPT
"La exploración espacial del siglo XXI combina la colaboración internacional con avances tecnológicos sin precedentes. Vehículos no tripulados recopilan información en tiempo real desde la superficie de Marte, mientras que telescopios de nueva generación amplían nuestra comprensión del universo observable.",ia,Generado por Claude
"Los sistemas de recomendación han revolucionado la forma en que consumimos contenido en línea. Al analizar patrones de comportamiento, estas herramientas sugieren películas, artículos o productos adaptados a los gustos individuales, mejorando la experiencia del usuario y aumentando la fidelización digital.",ia,Generado por Gemini
"La computación cuántica representa un cambio de paradigma respecto a la arquitectura binaria clásica. Utilizando qubits en lugar de bits tradicionales, permite operaciones simultáneas en múltiples estados, lo que promete resolver problemas actualmente intratables por la informática convencional.",ia,Generado por ChatGPT
"El procesamiento del lenguaje natural permite a las máquinas interpretar, generar y responder en lenguaje humano. Gracias a modelos como los transformadores, las aplicaciones actuales incluyen asistentes virtuales, traductores automáticos y herramientas de análisis semántico para empresas.",ia,Generado por Gemini
