texto,tipo,estilo
"El viento soplaba con furia sobre las colinas. Cada hoja temblaba bajo su poderío y en el cielo se dibujaban formas imposibles. La noche, oscura y densa, parecía susurrar secretos antiguos que solo los más atentos podrían entender. El anciano en la cabaña, con su pipa en la mano, observaba el panorama como si leyera un libro abierto. Nada escapaba a su mirada, ni siquiera el par de sombras que se deslizaban sigilosamente entre los árboles.",libro,realista
"La economía global está atravesando un periodo de incertidumbre. Los factores que la afectan son múltiples y complejos. Desde la inflación hasta la deuda pública, las interacciones de los mercados no pueden analizarse de manera simplista. Los expertos recomiendan estrategias de mitigación basadas en la diversificación y la inversión sostenible. Sin embargo, las decisiones políticas y sociales continúan agregando nuevos niveles de imprevisibilidad.",ensayo,realista
"Juan despertó sobresaltado. Algo en la oscuridad parecía observarlo, inmóvil, expectante. Intentó convencerse de que solo era su imaginación, pero cada crujido en la madera del suelo le recordaba que no estaba solo. Con un nudo en la garganta, decidió encender la lámpara de su mesita de noche. La tenue luz iluminó la habitación y reveló una figura pequeña con ojos brillantes y curiosos que lo observaban desde el rincón.",cuento,realista
"El desplazamiento atmosférico genera variaciones significativas en los ecosistemas y en la percepción climática humana. Estos cambios pueden ser atribuidos a múltiples factores, incluyendo la radiación solar y el movimiento orbital planetario. La relación entre presión barométrica y temperatura superficial desempeña un papel crucial en la distribución de masas de aire. Estudios recientes demuestran que la variabilidad climática impacta directamente la estabilidad ecológica.",libro,artificial
"El análisis de las teorías económicas clásicas y su influencia en las tendencias contemporáneas requiere un enfoque detallado. La interacción entre los modelos de oferta y demanda se ve influenciada por múltiples variables endógenas y exógenas. En este sentido, es imprescindible considerar la evolución histórica del pensamiento económico y su adaptación a los mercados actuales. La optimización de recursos dentro del contexto global requiere una evaluación estratégica.",ensayo,artificial
"La joven miró al horizonte y decidió emprender su viaje sin mirar atrás, un acto de valentía que marcaría su destino. El camino frente a ella se extendía como una promesa inquebrantable. Cada paso que daba se convertía en una afirmación de su propia voluntad. A medida que avanzaba, los recuerdos de su hogar parecían desvanecerse lentamente. Sin embargo, en su corazón, sabía que aquella elección definiría el curso de su existencia.",cuento,artificial
"Los árboles danzaban con el viento, sus ramas crujían como si se susurraran secretos. En la lejanía, el río serpenteaba entre las montañas, reflejando el sol con un brillo dorado. La pequeña casa de piedra parecía parte del paisaje, como si hubiese estado allí desde siempre. Pedro, con una taza de café en las manos, miraba hacia el horizonte, preguntándose si algún día encontraría respuestas en aquella inmensidad.",libro,realista
"La relación entre la educación y la movilidad social ha sido objeto de estudio durante décadas. Las políticas públicas deben considerar factores como el acceso equitativo a la enseñanza y la calidad del aprendizaje. Además, la digitalización ha creado nuevas oportunidades y desafíos. En este sentido, el rol de la pedagogía contemporánea es fundamental para generar modelos inclusivos.",ensayo,realista
"María corría por el sendero mientras las hojas caían en espiral a su alrededor. Detrás de ella, los pasos de su hermano resonaban en la tierra húmeda. Era un juego, pero también una carrera contra el tiempo. Sabían que cuando el sol se escondiera, debían regresar a casa. Cada instante se grababa en su memoria como un tesoro irremplazable.",cuento,realista
"El desarrollo de infraestructuras urbanas plantea desafíos de sostenibilidad y eficiencia energética. Diversos estudios indican que la implementación de tecnologías avanzadas optimiza el consumo de recursos naturales. En paralelo, la adaptación a normativas ambientales refuerza estrategias de planificación urbana. Sin embargo, persisten desafíos en la integración de redes de transporte multimodal.",libro,artificial
"Los modelos matemáticos de predicción climática han avanzado notablemente en las últimas décadas. Gracias a la aplicación de algoritmos de inteligencia artificial, es posible analizar patrones de variabilidad meteorológica con mayor precisión. La combinación de datos satelitales y estaciones terrestres permite mejorar la comprensión de cambios en la atmósfera terrestre.",ensayo,artificial
"El ruido de la calle se filtraba por la ventana mientras Jaime observaba el libro abierto frente a él. Sus dedos recorrían las páginas como si intentara absorber cada palabra. De pronto, un golpe en la puerta lo sacó de su ensimismamiento. Suspiró, cerró el libro con un movimiento lento y se levantó para ver quién llamaba. En el umbral, su hermana sostenía un sobre con una expresión inquietante.",cuento,artificial
"Las páginas del viejo libro crujían bajo los dedos de Laura. La historia que leía la transportaba a un mundo distinto, donde los héroes luchaban por ideales y los villanos tenían matices de complejidad. A medida que avanzaba, se daba cuenta de que cada palabra parecía escrita para ella, como si el autor hubiera conocido sus pensamientos más profundos.",libro,realista
"El concepto de justicia ha evolucionado a lo largo de la historia. Desde las primeras civilizaciones hasta los sistemas modernos, la interpretación de los derechos individuales y colectivos ha sido objeto de debate. La filosofía política, el derecho y la ética se entrelazan para definir los límites y alcances de la equidad en la sociedad contemporánea.",ensayo,realista
"El perro ladró tres veces antes de que Claudia se diera cuenta de la presencia de alguien en la entrada. Se acercó lentamente a la puerta, con el corazón acelerado. Sabía que no esperaba visitas, y sin embargo, la silueta allí inmóvil parecía conocerla. Tomó aire, giró el picaporte y sintió un escalofrío recorrerle la espalda.",cuento,realista
"La eficiencia energética en las estructuras arquitectónicas modernas está determinada por múltiples variables. La integración de tecnologías avanzadas permite reducir el consumo de recursos, optimizando el rendimiento térmico y lumínico. La simulación digital y la modelización estructural contribuyen al desarrollo de materiales con propiedades adaptativas al entorno urbano.",libro,artificial
"El análisis cuantitativo de datos demográficos permite evaluar tendencias poblacionales con precisión. En el ámbito sociológico, la correlación entre factores económicos y culturales revela patrones de movilidad social. La aplicación de herramientas estadísticas garantiza una interpretación objetiva de la evolución de distintos grupos sociales en contextos específicos.",ensayo,artificial
"Los relojes de la casa marcaban la misma hora, pero cada uno parecía tener su propio ritmo. Diego observaba las manecillas con una mezcla de fascinación e inquietud. El tiempo nunca se detenía, avanzaba sin importar lo que él hiciera. En ese momento, comprendió que algunas decisiones debían tomarse sin esperar el momento perfecto, porque el tiempo nunca haría una pausa para él.",cuento,artificial
"Los rayos del sol atravesaban las cortinas, iluminando la pequeña mesa donde Manuel escribía. Cada palabra que plasmaba en el papel tenía un peso especial, como si formaran parte de una historia que había estado esperando ser contada. A medida que avanzaba, se dio cuenta de que su propia vida era el reflejo de aquel relato que construía con tinta y pensamiento.",libro,realista
"La globalización ha transformado la forma en que las culturas interactúan. Los mercados internacionales, las plataformas digitales y las políticas migratorias han creado un entramado interconectado de relaciones económicas y sociales. En este contexto, comprender los beneficios y desafíos de la interdependencia global es fundamental para la toma de decisiones estratégicas.",ensayo,realista
"Martín cerró los ojos por un instante y respiró profundamente. Sabía que el momento que había estado esperando estaba a punto de ocurrir. La puerta frente a él era más que una entrada; era un umbral hacia un futuro incierto. Con una mezcla de emoción y temor, estiró la mano y giró el pomo. Al otro lado, el destino aguardaba.",cuento,realista
"La tecnología de materiales inteligentes ha revolucionado múltiples sectores industriales. Investigaciones recientes destacan la integración de compuestos de alta adaptabilidad en la ingeniería de productos avanzados. La interacción entre nanopartículas y estructuras poliméricas garantiza un rendimiento optimizado en condiciones variables de temperatura y presión.",libro,artificial
"El estudio comparativo de sistemas filosóficos revela una profunda evolución en el pensamiento crítico. Desde el racionalismo cartesiano hasta las corrientes contemporáneas del postestructuralismo, la relación entre epistemología y ética ha definido el desarrollo intelectual a lo largo de la historia. La aplicación pragmática de estas teorías es esencial para la construcción de sociedades equitativas.",ensayo,artificial
"El sonido de la música envolvía la habitación como un eco suspendido en el tiempo. Esteban cerró los ojos y dejó que cada nota lo llevara lejos, más allá de las paredes y del presente. En ese instante, comprendió que algunas melodías no eran simples sonidos, sino portales hacia recuerdos enterrados en lo más profundo de la memoria.",cuento,artificial
"Las calles húmedas reflejaban la luz de los faroles como espejos fragmentados. Cada paso de Sofía resonaba en la acera vacía mientras intentaba ordenar sus pensamientos. La ciudad dormía, pero en su mente las palabras se agitaban como olas en una tormenta. Respiró hondo y continuó caminando, sintiendo que, de alguna manera, el aire fresco le devolvía la calma que tanto necesitaba.",libro,realista
"Las dinámicas del mercado laboral han cambiado drásticamente en la última década. La automatización y el desarrollo tecnológico han generado nuevas oportunidades, pero también han desplazado roles tradicionales. La adaptación de las políticas gubernamentales y empresariales es crucial para garantizar un entorno inclusivo y sostenible que promueva el crecimiento económico.",ensayo,realista
"El viejo reloj en la repisa marcaba las doce en punto cuando Ricardo sintió la punzada de la nostalgia. Recordaba aquellas noches de infancia, cuando el sonido del péndulo lo arrullaba hasta el sueño. Ahora, tantos años después, seguía allí, funcionando con precisión implacable, testigo silencioso de todo lo que había cambiado en su vida.",cuento,realista
"La integración de procesos automatizados en la manufactura ha optimizado la eficiencia productiva a nivel global. La relación entre inteligencia artificial y sistemas robóticos garantiza una reducción significativa en los costos operativos. Además, la implementación de metodologías predictivas mejora la capacidad de anticipación ante fluctuaciones del mercado.",libro,artificial
"El estudio de redes neuronales artificiales ha permitido avances sustanciales en el campo de la informática y el análisis de datos. Diversos enfoques han demostrado la capacidad de estos modelos para interpretar patrones de comportamiento. La complejidad de los algoritmos utilizados subraya la importancia de la optimización computacional en aplicaciones científicas y comerciales.",ensayo,artificial
"Lucas sostuvo el libro en sus manos sin abrirlo. Sabía que dentro de esas páginas encontraría la respuesta que había estado evitando. Con un suspiro, se sentó en su escritorio y pasó la primera hoja. La historia que comenzaba a leer no era solo ficción, sino un reflejo exacto de su propia vida, narrado de una manera que le hacía sentir que el autor había conocido su alma.",cuento,artificial
