"texto","tipo","estilo"
"La quietud de la biblioteca se interrumpió únicamente por el suave murmullo de las páginas al ser volteadas y el leve crujido del viejo sillón de cuero donde el profesor se sumía en sus lecturas. La luz tenue de la lámpara de latón proyectaba sombras danzantes sobre los estantes repletos de volúmenes, cada uno un universo en sí mismo, esperando ser descubierto. El aroma a papel antiguo y madera pulida llenaba el ambiente, invitando a la introspección y al conocimiento. A través del ventanal, la tarde se desvanecía en tonos ocres y violetas, pintando el cielo con la melancolía propia del otoño. El profesor, ajeno al paso del tiempo, navegaba entre las líneas de un manuscrito olvidado, desentrañando secretos de épocas remotas. Sus lentes, ligeramente empañadas, no lograban ocultar el brillo de sus ojos, reflejo de una mente ávida de saber. Cada párrafo, cada oración, era un peldaño en su incesante búsqueda de la verdad. La tranquilidad que lo envolvía era un bálsamo para el alma, un refugio del bullicio del mundo exterior. En ese santuario del saber, las horas se diluían como arena entre los dedos, dejando a su paso la impronta indeleble del conocimiento.","libro","realista"
"El concepto de tiempo, en su vertiente más intrincada, se despliega como una construcción multifacética cuya aprehensión demanda un análisis riguroso de sus diversas dimensiones. La filosofía contemporánea ha dedicado ingentes esfuerzos a desentrañar la naturaleza de esta entidad elusiva, proponiendo modelos que van desde la linealidad aristotélica hasta las complejidades de la relatividad einsteiniana. No obstante, la percepción subjetiva del tiempo, anclada en la conciencia individual, introduce una variable que desafía cualquier intento de objetivación absoluta. La aceleración percibida de la vida moderna, por ejemplo, no es meramente un fenómeno sociológico, sino que posee implicaciones profundas en la estructura neurológica y psicológica del ser humano. La interconexión entre la memoria, la anticipación y el presente continuo conforma un entramado cognitivo que moldea nuestra experiencia temporal. La deconstrucción de estas categorías permite una comprensión más holística de cómo los individuos interactúan con su entorno temporal. La influencia de las tecnologías digitales en la reconfiguración de nuestros patrones temporales es un campo de estudio emergente que merece una atención especial. La redefinición de los límites entre el ocio y el trabajo en la era de la información complejiza aún más este panorama. Es imperativo, por tanto, abordar el estudio del tiempo desde una perspectiva transdisciplinar que integre la filosofía, la psicología, la sociología y las neurociencias.","ensayo","realista"
"El viejo roble, testigo silencioso de innumerables veranos e inviernos, extendía sus ramas nudosa como brazos centenarios, buscando el sol. Debajo de su sombra protectora, un niño de no más de siete años, con las rodillas raspadas y la imaginación desbordada, construía un castillo de tierra con palos y piedras. Susurraba órdenes a sus imaginarios soldados, pequeños insectos que avanzaban con paso lento por la superficie arenosa. El viento, cómplice de sus fantasías, mecía las hojas del árbol, creando una melodía suave y envolvente. El niño, ajeno al paso de las horas, vivía en su propio mundo, donde los dragones surcaban los cielos y los héroes libraban batallas épicas. El sol filtraba sus rayos a través del follaje, pintando el suelo con motas de luz y sombra, como un lienzo en constante movimiento. De vez en cuando, el niño se detenía, levantaba la vista hacia las alturas del roble y sonreía, como si el árbol le contara viejas historias. La tarde caía, tiñendo el horizonte de naranjas y rosas, pero él seguía allí, inmerso en su juego, antes de que el llamado de su madre lo devolviera a la realidad.","cuento","realista"
"La antigua casa de piedra, con sus ventanas ciegas y su tejado descolorido, permanecía en un silencio ominoso, una reliquia del pasado que se negaba a sucumbir al olvido. Los postigos, carcomidos por el tiempo y la humedad, apenas se sostenían, amenazando con desprenderse ante el más mínimo soplo de viento. Dentro, el polvo cubría cada superficie, formando un manto grisáceo sobre los muebles cubiertos con sábanas blancas, como fantasmas petrificados en el tiempo. El aire, denso y viciado, olía a encierro y a historias no contadas, a risas y lágrimas que se habían desvanecido con los años. Un rayo de sol, atrevido, se colaba por una rendija en el techo, iluminando motas de polvo que danzaban en el aire como diminutos espíritus. En el jardín, la vegetación salvaje había reclamado su territorio, engullendo senderos y escondiendo estatuas cubiertas de musgo. Sin embargo, a pesar del deterioro, la casa conservaba una extraña belleza, una melancolía que invitaba a la contemplación. Era como si cada ladrillo, cada grieta en la pared, guardara un secreto, una voz del pasado esperando ser escuchada por aquellos con el alma dispuesta a escuchar.","libro","realista"
"El análisis de la globalización, en su esencia, revela una intrincada red de interconexiones que trascienden las fronteras geográficas, afectando no solo las dinámicas económicas y políticas, sino también las culturales y sociales. La fluidez de los flujos de información y capital ha generado una reconfiguración de los paradigmas tradicionales de interacción, forzando una constante adaptación a los nuevos escenarios emergentes. Es fundamental comprender que la globalización no es un fenómeno homogéneo, sino que presenta múltiples facetas y consecuencias heterogéneas en diversas regiones y contextos. La digitalización, como motor impulsor de este proceso, ha facilitado la integración de mercados y la difusión de ideas a una velocidad sin precedentes. No obstante, esta interconexión también ha magnificado las disparidades existentes, exacerbando la brecha entre las naciones desarrolladas y las en vías de desarrollo. La hegemonía cultural de ciertas potencias globales, por ejemplo, plantea interrogantes sobre la preservación de las identidades locales. En este contexto, la reflexión crítica sobre los mecanismos de gobernanza global se vuelve imperativa para mitigar los efectos adversos y maximizar los beneficios de este proceso inexorable. La implementación de políticas inclusivas y equitativas es, por tanto, una necesidad ineludible.","ensayo","realista"
"En el corazón del bosque, donde los árboles se alzaban como catedrales vivientes, un pequeño arroyo serpenteaba entre las raíces expuestas y las rocas cubiertas de musgo. Sus aguas, cristalinas y frías, cantaban una melodía suave mientras avanzaban sin prisa hacia el valle. Los rayos del sol se filtraban a través del denso follaje, creando un juego de luces y sombras que danzaban sobre la superficie del agua. Peces diminutos, plateados y escurridizos, nadaban contra la corriente, ajenos a la belleza que los rodeaba. El sonido del arroyo era el único ruido que rompía el silencio del bosque, una sinfonía natural que invitaba a la calma y la introspección. Las libélulas, con sus alas iridiscentes, revoloteaban sobre el agua, creando pequeños remolinos en su danza aérea. Era un lugar mágico, donde la naturaleza mostraba su esplendor sin artificios, un refugio para aquellos que buscaban paz en medio del caos. Cada piedra, cada gota de agua, cada hoja caída, contribuía a la armonía perfecta de ese rincón escondido. El arroyo, con su flujo constante, recordaba la impermanencia de todo, la belleza efímera de cada instante.","cuento","realista"
"El café, con su ambiente tenue y el aroma persistente a granos tostados, era el refugio de los solitarios y los soñadores. Las mesas de madera oscura, pulidas por el tiempo y las tazas innumerables, guardaban historias de conversaciones a media voz y confesiones susurradas. Fuera, la lluvia golpeaba suavemente los cristales, empañándolos y creando un velo líquido que difuminaba las luces de la calle. Dentro, el calor de la chimenea crepitaba dulcemente, proyectando sombras danzantes sobre las paredes empapeladas con motivos florales descoloridos. Una camarera, con un delantal impecable y una sonrisa cansada, se movía con agilidad entre las mesas, sirviendo tazas humeantes y trozos de tarta. La música de un piano lejano, apenas audible, completaba la atmósfera melancólica y acogedora. Cada cliente, inmerso en sus propios pensamientos, parecía encontrar consuelo en ese espacio atemporal. Las tazas de café, humeantes y reconfortantes, eran pequeños universos líquidos que ofrecían una tregua del mundo exterior. Era un lugar donde el tiempo parecía ralentizarse, permitiendo que las almas cansadas encontraran un breve respiro antes de enfrentar la noche.","libro","realista"
"La urbanización descontrolada, un fenómeno global de implicaciones multifacéticas, se erige como un desafío apremiante para la sostenibilidad ambiental y la equidad social. El crecimiento exponencial de las metrópolis, impulsado por la migración rural-urbana y la búsqueda de oportunidades económicas, ha generado una presión insostenible sobre los recursos naturales y la infraestructura existente. La segregación socioespacial, una consecuencia directa de este proceso, exacerba las desigualdades, concentrando la pobreza y la marginalización en determinadas áreas urbanas. La gestión de residuos, el acceso a servicios básicos como el agua potable y el saneamiento, y la calidad del aire son problemáticas que demandan soluciones urgentes y coordinadas. La planificación urbana, en este contexto, debe trascender la mera expansión física para abordar la complejidad de las interacciones sociales y económicas. La implementación de modelos de ciudad inteligente, si bien prometedora, debe ser cuidadosamente evaluada para evitar la profundización de las brechas digitales y la vigilancia masiva. Es imperativo desarrollar estrategias integrales que promuevan un desarrollo urbano equitativo, sostenible y resiliente, garantizando el bienestar de todos los ciudadanos.","ensayo","realista"
"El viento silbaba entre las grietas de la roca, llevando consigo el eco de viejas leyendas y el aroma a tierra húmeda. En la cima de la montaña, donde solo crecían los pinos más fuertes, una anciana se sentaba con los ojos cerrados, el rostro surcado por las arrugas del tiempo. Su cabello, blanco como la nieve, se agitaba suavemente con la brisa, confundiéndose con el cielo gris. A sus pies, un perro fiel y leal la observaba con devoción, su aliento cálido empañando el aire frío. La anciana, con las manos entrelazadas sobre su regazo, parecía escuchar el susurro de las montañas, las historias que la naturaleza contaba en secreto. Las nubes, densas y oscuras, se movían con lentitud, presagiando la llegada de una tormenta lejana. Pero ella no mostraba temor, su espíritu, forjado por décadas de vida en soledad, era tan indomable como la propia montaña. Era la guardiana de sus secretos, la voz de sus recuerdos, la última que entendía el lenguaje ancestral del viento y las piedras.","cuento","realista"
"El vasto océano, con su inmensidad azul y sus misterios insondables, se extendía hasta donde alcanzaba la vista, prometiendo aventuras y peligros a partes iguales. Las olas, espumosas y rítmicas, rompían con una fuerza constante contra la costa rocosa, puliendo las piedras con el paso de los siglos. El sol, un disco dorado en el horizonte, bañaba la superficie del agua con un brillo cegador, reflejando el cielo infinito. El aire salado, cargado con el olor a algas y yodo, acariciaba el rostro de aquellos que se atrevían a contemplar su magnitud. Las gaviotas, con sus graznidos agudos, planeaban en lo alto, buscando peces en las profundidades. Era un espectáculo de una belleza brutal, una demostración del poder indomable de la naturaleza, capaz de inspirar asombro y respeto a partes iguales. Las corrientes marinas, invisibles pero poderosas, arrastraban consigo secretos de naufragios y tesoros perdidos. El sonido del mar, un murmullo constante, era la banda sonora de la eternidad, un recordatorio de que somos insignificantes ante su grandeza.","libro","realista"
"La narrativa contemporánea se caracteriza por una proliferación de metanarrativas que complejizan la interacción entre el lector y el texto. La autoconciencia del proceso creativo, una característica distintiva de la prosa actual, se manifiesta en la constante referencia a la propia naturaleza ficcional de la obra, desdibujando los límites entre la realidad diegética y la extradiegética. El autor, en este contexto, asume un rol de constructor de universos autónomos, donde la verosimilitud no se fundamenta en la mímesis de lo real, sino en la coherencia interna del sistema ficcional. La deconstrucción de los arquetipos narrativos tradicionales y la experimentación con estructuras no lineales son estrategias recurrentes para desafiar las expectativas del receptor. La intertextualidad, entendida como la permeabilidad de un texto a otros, enriquece la semiosis y amplía las posibilidades interpretativas. La fragmentación del sujeto narrativo y la multiplicidad de voces contribuyen a una experiencia lectora más activa y participativa. La incorporación de elementos transmedia, además, extiende la experiencia narrativa más allá de los límites del libro, creando ecosistemas ficcionales complejos. Este fenómeno posmoderno, sin embargo, plantea interrogantes sobre la accesibilidad y la universalidad del mensaje literario.","ensayo","realista"
"El pequeño conejo, con sus orejas largas y su nariz temblorosa, se aventuró fuera de su madriguera, cauteloso, en busca de las primeras hierbas frescas de la mañana. El rocío de la noche aún cubría las hojas, brillando como minúsculas perlas bajo la tenue luz del amanecer. Un ruiseñor, escondido entre las ramas de un manzano, cantaba una melodía dulce y alegre, celebrando el nuevo día. El aire era fresco y puro, cargado con el aroma de la tierra mojada y las flores silvestres. El conejo, con sus bigotes inquietos, olfateaba el aire, buscando cualquier señal de peligro antes de dar un paso. Sus patas traseras, fuertes y ágiles, estaban listas para la huida ante la más mínima amenaza. Era un mundo lleno de maravillas y peligros a partes iguales, donde la vida y la muerte danzaban en un equilibrio delicado. De pronto, un ruido en la maleza lo alertó, y en un abrir y cerrar de ojos, desapareció en la seguridad de su hogar subterráneo, dejando solo la hierba aplastada como evidencia de su fugaz presencia.","cuento","realista"
"El estudio de los fenómenos sociológicos complejos requiere la aplicación de metodologías cualitativas y cuantitativas para lograr una comprensión holística del objeto de análisis. La interacción entre las variables endógenas y exógenas en la conformación de los sistemas sociales es un aspecto crucial que debe ser contemplado. La correlación entre la densidad poblacional y los índices de desarrollo humano presenta una complejidad intrínseca, demandando un abordaje multifactorial. La implementación de modelos predictivos, si bien útil, debe ser interpretada con cautela, ya que la naturaleza dinámica de los sistemas humanos introduce un grado de incertidumbre inherente. La estratificación social, como constructo teórico, permite la identificación de patrones de desigualdad, pero su operativización empírica es un desafío metodológico constante. La causalidad en las ciencias sociales rara vez es lineal, y la identificación de relaciones recíprocas es fundamental para evitar simplificaciones erróneas. La influencia de los factores culturales en la configuración de las estructuras económicas es un campo de investigación fértil que requiere una aproximación interdisciplinar. La validez externa de los hallazgos, es decir, su capacidad de generalización, depende de la rigurosidad en el diseño muestral. La replicabilidad de los estudios, además, contribuye a la solidez del conocimiento científico en este ámbito.","ensayo","artificial"
"La historia de la civilización se despliega como un constructo multilineal, donde la interconexión de eventos históricos y procesos culturales conforma una red compleja de causalidades y concomitancias. La diacronía, como perspectiva temporal, permite la identificación de trayectorias evolutivas y la emergencia de estructuras sociales distintivas. El feudalismo, por ejemplo, emergió como un sistema de organización política y económica en respuesta a condiciones geoestratégicas específicas, propiciando la consolidación de élites terratenientes. La Revolución Industrial, subsiguientemente, reconfiguró los paradigmas productivos y las relaciones laborales, generando una migración masiva del campo a las ciudades y la proletarización de la fuerza de trabajo. La emergencia de la Ilustración, como movimiento intelectual, propició una revalorización de la razón y el pensamiento crítico, sentando las bases para las revoluciones políticas y científicas posteriores. La globalización, en su fase actual, constituye un proceso de interconexión global que desafía las soberanías nacionales y redefine la configuración de los bloques geopolíticos. La interacción entre los sistemas de valores y las estructuras económicas es un campo de estudio que demanda una aproximación holística. La periodización histórica, si bien útil como herramienta heurística, debe ser utilizada con cautela para evitar la simplificación de procesos complejos. La comprensión de estos fenómenos es crucial para la prospectiva de la sociedad humana.","libro","artificial"
"El dispositivo de procesamiento de datos, optimizado para el análisis de grandes volúmenes de información, ejecutaba algoritmos complejos con una eficiencia operacional sobresaliente. La interfaz gráfica de usuario, diseñada con criterios de usabilidad ergonómica, facilitaba la interacción del operador con el sistema, minimizando la curva de aprendizaje y optimizando la productividad. Los protocolos de comunicación, estandarizados para asegurar la interoperabilidad con otros sistemas, garantizaban la integridad y la confidencialidad de los datos transmitidos. La capacidad de procesamiento paralelo, una característica distintiva de su arquitectura, permitía la ejecución concurrente de múltiples tareas, acelerando significativamente los tiempos de respuesta. El sistema de refrigeración integrado, con tecnología de disipación térmica avanzada, prevenía el sobrecalentamiento de los componentes críticos, asegurando la estabilidad operativa a largo plazo. La modularidad del diseño facilitaba la expansión y la actualización de los subsistemas, prolongando la vida útil del equipo. La robustez del hardware, certificada mediante pruebas de estrés rigurosas, garantizaba un rendimiento óptimo en entornos de alta demanda. La documentación técnica, detallada y exhaustiva, proporcionaba información precisa para el mantenimiento preventivo y correctivo. La eficiencia energética del dispositivo contribuía a la reducción de la huella de carbono operacional.","ensayo","artificial"
"El protagonista, un individuo de características antropológicas promedio, inició su desplazamiento pedestre hacia el punto de destino previamente establecido. Su indumentaria, consistente en prendas de confección industrial, no presentaba anomalías reseñables. La trayectoria seguida fue la más directa, minimizando la distancia y el tiempo de recorrido. La observación del entorno circundante reveló la presencia de elementos urbanos convencionales: edificaciones de concreto y asfalto. La interacción con otros individuos fue mínima, limitándose a intercambios verbales monosilábicos con fines transaccionales. El clima, catalogado como templado con nula precipitación, no representaba un factor de riesgo para su integridad física. La respiración del sujeto se mantuvo en un rango normal, indicando ausencia de estrés fisiológico. La activación de los receptores visuales procesó la información lumínica del ambiente, generando una representación mental del espacio. La audición, sin registrar frecuencias anómalas, confirmó la ausencia de eventos sonoros atípicos. El objetivo de su deambulación era la adquisición de bienes de consumo primario en un establecimiento comercial.","cuento","artificial"
"El análisis diacrónico de los constructos socioeconómicos post-industriales revela una intrincada reconfiguración de los paradigmas laborales y la emergente precarización de la fuerza de trabajo. La globalización, entendida como un proceso de interconexión transnacional de capitales y flujos de información, ha catalizado una deslocalización de la producción y una intensificación de la competencia en los mercados globales. La automatización de procesos, impulsada por avances tecnológicos en inteligencia artificial y robótica, ha generado una obsolescencia de habilidades laborales tradicionales, propiciando una polarización del mercado laboral. La economía gig, caracterizada por la flexibilización de las relaciones contractuales y la fragmentación de la jornada laboral, ha devenido en un modelo predominante en ciertos sectores. La inequidad en la distribución de la riqueza, un corolario de estos procesos, se ha exacerbado, comprometiendo la cohesión social y la estabilidad política. La necesidad de una reevaluación de los sistemas de protección social es ineludible para mitigar los efectos adversos de estas transformaciones. La implementación de políticas de reconversión laboral y la inversión en capital humano son imperativos para la adaptación a los nuevos escenarios productivos. La sostenibilidad de este modelo económico es objeto de un debate académico y político en constante evolución.","ensayo","artificial"
"La infraestructura de transporte, un sistema complejo de interconexión logística, opera bajo parámetros de eficiencia optimizados para la distribución de bienes y personas. La intermodalidad, concepto clave en la planificación estratégica, facilita la transferencia de mercancías entre diferentes modos de transporte, maximizando la velocidad y minimizando los costes operacionales. La red vial, con su diseño jerárquico de autopistas y carreteras secundarias, soporta un volumen de tráfico significativo, requiriendo un mantenimiento preventivo y correctivo constante para asegurar su operatividad. Los nodos logísticos, configurados como puntos de convergencia y divergencia de flujos, integran almacenes de distribución y plataformas de transbordo. La tecnología de posicionamiento global (GPS) y los sistemas de información geográfica (SIG) son herramientas esenciales para la monitorización y la optimización de las rutas de entrega. La legislación regulatoria, diseñada para estandarizar los procesos y garantizar la seguridad de las operaciones, es de cumplimiento obligatorio para los agentes involucrados. La resiliencia de la red ante eventos disruptivos, como fenómenos meteorológicos extremos o incidencias técnicas, es un factor crítico en la evaluación de su rendimiento. La inversión en infraestructuras de transporte es un indicador del desarrollo económico de una región.","libro","artificial"
"La unidad de procesamiento central, componente crítico del sistema informático, ejecutó una secuencia de operaciones algorítmicas con alta precisión. La entrada de datos, codificada en formato binario, fue procesada por los módulos de hardware dedicados, optimizados para la velocidad de cálculo. La memoria de acceso aleatorio, con capacidad de almacenamiento volátil, albergó los resultados intermedios de las operaciones. La salida de información, convertida a un formato legible por el usuario, se proyectó en el dispositivo de visualización. Los protocolos de comunicación, preestablecidos por el fabricante, aseguraron la interoperabilidad con los periféricos conectados. La interfaz de usuario, caracterizada por su linealidad y carencia de ambigüedad, permitía la introducción de comandos con mínima latencia. El sistema operativo, un conjunto de programas de control, gestionaba los recursos del hardware de forma eficiente. La red de datos, con una topología de estrella, facilitaba la transferencia de paquetes de información entre los nodos conectados. La redundancia de componentes, una característica de diseño para garantizar la fiabilidad, minimizaba el riesgo de fallos críticos.","cuento","artificial"
"El espécimen biológico, clasificado taxonómicamente como *Homo sapiens*, exhibía patrones de comportamiento complejos influenciados por variables socioculturales y neurobiológicas. La locomoción bípeda, característica de la especie, permitía el desplazamiento autónomo en diversos entornos terrestres. La capacidad de comunicación simbólica, facilitada por estructuras cerebrales especializadas, posibilitaba la transmisión de información abstracta entre individuos. La manipulación de herramientas, una habilidad cognitiva avanzada, contribuía a la alteración del entorno para la satisfacción de necesidades. La ingesta de nutrientes, un proceso metabólico fundamental, se realizaba a través del sistema digestivo, optimizado para la asimilación de biomoléculas. El sistema circulatorio, con su red de vasos y un órgano central de bombeo, distribuía oxígeno y nutrientes a los tejidos. La reproducción sexual, un mecanismo de perpetuación de la especie, involucraba la fusión de gametos. La termorregulación, un proceso fisiológico, mantenía la homeostasis interna del organismo. La respuesta al estrés, una reacción adaptativa, se manifestaba a nivel endocrino y neural.","cuento","artificial"
"El dispositivo de procesamiento de datos, optimizado para el análisis de grandes volúmenes de información, ejecutaba algoritmos complejos con una eficiencia operacional sobresaliente. La interfaz gráfica de usuario, diseñada con criterios de usabilidad ergonómica, facilitaba la interacción del operador con el sistema, minimizando la curva de aprendizaje y optimizando la productividad. Los protocolos de comunicación, estandarizados para asegurar la interoperabilidad con otros sistemas, garantizaban la integridad y la confidencialidad de los datos transmitidos. La capacidad de procesamiento paralelo, una característica distintiva de su arquitectura, permitía la ejecución concurrente de múltiples tareas, acelerando significativamente los tiempos de respuesta. El sistema de refrigeración integrado, con tecnología de disipación térmica avanzada, prevenía el sobrecalentamiento de los componentes críticos, asegurando la estabilidad operativa a largo plazo. La modularidad del diseño facilitaba la expansión y la actualización de los subsistemas, prolongando la vida útil del equipo. La robustez del hardware, certificada mediante pruebas de estrés rigurosas, garantizaba un rendimiento óptimo en entornos de alta demanda. La documentación técnica, detallada y exhaustiva, proporcionaba información precisa para el mantenimiento preventivo y correctivo. La eficiencia energética del dispositivo contribuía a la reducción de la huella de carbono operacional.","ensayo","artificial"
"La conceptualización de la realidad en la epistemología contemporánea se articula en torno a la problematicidad de la objetividad y la influencia ineludible de la subjetividad en la construcción del conocimiento. El paradigma positivista, que postulaba una correspondencia directa entre el observador y lo observado, ha sido progresivamente deconstruido por enfoques hermenéuticos y fenomenológicos. La percepción humana, lejos de ser un proceso pasivo de recepción de estímulos, es una actividad interpretativa que filtra y organiza la información sensorial en función de esquemas cognitivos preexistentes. La validez de los enunciados científicos, por tanto, no puede ser evaluada únicamente por su conformidad con una realidad externa predeterminada, sino también por su coherencia interna y su capacidad explicativa. La intersubjetividad, entendida como el consenso de múltiples perspectivas individuales, emerge como un criterio fundamental para la legitimación del conocimiento. La deconstrucción de las narrativas hegemónicas y la visibilización de voces marginalizadas son tareas éticas y epistemológicas de primer orden. La relación entre lenguaje y realidad, además, es un campo de estudio crucial, ya que el lenguaje no es un mero vehículo de representación, sino un constructor activo de significado.","ensayo","artificial"
"El texto estructurado, con una sintaxis lineal y una semántica denotativa, se desplegó en la superficie bidimensional de la pantalla. Los caracteres alfanuméricos, dispuestos en secuencias preestablecidas, formaron unidades léxicas que, a su vez, se agruparon en constructos gramaticales. La puntuación, elementos diacríticos con función delimitadora, demarcó las unidades sintácticas y las pausas en la lectura. La coherencia interna del mensaje, resultado de la interconexión lógica de las proposiciones, facilitaba la comprensión del receptor. La redundancia mínima, característica de una comunicación eficiente, evitaba la repetición innecesaria de información. La ausencia de ambigüedad léxica o sintáctica contribuía a la univocidad de la interpretación. La longitud promedio de las oraciones se ajustó a un parámetro predefinido, optimizando la legibilidad del contenido. La voz gramatical, predominantemente activa, propiciaba una estructura directa y concisa. La temática central, identificable en el primer segmento del texto, se desarrolló progresivamente a través de la exposición de conceptos relacionados. El cierre del texto, mediante una síntesis concisa, recapituló los puntos clave abordados.","libro","artificial"
"El subsistema de inteligencia artificial, configurado con algoritmos de aprendizaje profundo, procesó las entradas de datos en tiempo real. Los patrones complejos, identificados mediante redes neuronales convolucionales, se utilizaron para la clasificación y la predicción. La arquitectura del modelo, optimizada para la eficiencia computacional, minimizaba la latencia en la inferencia. La retroalimentación del entorno, obtenida a través de sensores multimodales, se integró en el bucle de control adaptativo. La calibración de los parámetros internos, realizada mediante técnicas de optimización bayesiana, mejoró el rendimiento del sistema. La capacidad de generalización del modelo, validada con conjuntos de datos independientes, demostró su robustez ante variaciones en las entradas. La interpretabilidad de las decisiones, un área de investigación activa, buscaba hacer transparentes los mecanismos de inferencia. La escalabilidad del sistema, diseñada para manejar volúmenes crecientes de datos, permitía su despliegue en entornos de producción. La interoperabilidad con otros módulos de software, facilitada por interfaces de programación de aplicaciones estandarizadas, garantizaba una integración sin fisuras.","libro","artificial"
"El fenómeno de la entropía, en su aplicación termodinámica, se describe como la medida del desorden o la aleatoriedad de un sistema, tendiendo a aumentar con el tiempo en un sistema aislado. La disipación de energía, un corolario de la segunda ley de la termodinámica, implica que ninguna conversión energética es 100% eficiente, generando una porción de energía no utilizable. La flecha del tiempo, una conceptualización cosmológica, se correlaciona con la dirección en la que la entropía del universo aumenta. La irreversibilidad de los procesos naturales, desde la perspectiva de la física estadística, se explica por la probabilidad abrumadoramente baja de que un sistema evolucione espontáneamente hacia un estado de menor entropía. La información, en el contexto de la teoría de la información, puede ser conceptualizada como la reducción de la incertidumbre, o la neguentropía. La relación entre entropía y complejidad es un área de investigación activa, explorando cómo la organización puede surgir de un proceso fundamentalmente entrópico. La entropía se manifiesta en diversos sistemas, desde el nivel molecular hasta el macroscópico.","ensayo","artificial"
"El sistema biológico, una entidad orgánica de complejidad estructurada, exhibió un proceso de homeostasis interna para mantener su equilibrio fisiológico. La transducción de señales, un mecanismo de comunicación celular, posibilitó la respuesta coordinada a los estímulos externos e internos. El metabolismo, conjunto de reacciones bioquímicas, transformó los nutrientes en energía y componentes estructurales. La replicación del material genético, un proceso esencial para la herencia, garantizó la continuidad de la información biológica. La interacción entre los diferentes órganos y tejidos, mediada por hormonas y neurotransmisores, aseguró la funcionalidad integral del organismo. La adaptabilidad del sistema, su capacidad de ajustarse a cambios ambientales, contribuyó a su supervivencia y evolución. La respuesta inmunológica, un mecanismo de defensa, protegió al organismo contra agentes patógenos. La regeneración celular, un proceso de renovación constante, reparó los tejidos dañados y mantuvo la integridad estructural. La retroalimentación negativa, un bucle de control, reguló las concentraciones de sustancias clave para mantener la estabilidad.","ensayo","artificial"
"El personaje principal, un individuo con un perfil psicológico preestablecido, ejecutó una serie de acciones secuenciales en un entorno simulado. Su función cognitiva, evaluada mediante métricas estandarizadas, no presentó desviaciones significativas de la norma. La interacción con los elementos del escenario, categorizados como objetos inanimados o entidades no interactivas, fue consistente con las directrices del programa. La ausencia de reacciones emocionales discerniblemente anómalas confirmó la estabilidad de su programación afectiva. La comunicación verbal, restringida a frases predefinidas en respuesta a estímulos específicos, no reveló procesamiento del lenguaje natural. La duración de cada segmento de actividad, cronometrada con precisión milimétrica, se ajustó a los parámetros de ejecución establecidos. El análisis post-evento de los datos de su rendimiento confirmó una adherencia total a los objetivos de la simulación. La energía consumida por el procesador cerebral del personaje se mantuvo dentro de los rangos operativos esperados. La probabilidad de desviación de la trayectoria preestablecida fue nula, demostrando la fiabilidad del algoritmo de movimiento.","cuento","artificial"
"La morfología urbana, en su dimensión espacial, se define por la disposición de elementos arquitectónicos y la organización de los flujos de tráfico vehicular y peatonal. La zonificación, un instrumento de planificación urbanística, delimita las áreas de uso residencial, comercial e industrial, regulando la densidad de construcción. La conectividad de la red vial, un factor crítico en la eficiencia del transporte, se evalúa mediante métricas de accesibilidad y tiempo de desplazamiento. La resiliencia de la infraestructura urbana, su capacidad de resistir y recuperarse de perturbaciones, es un aspecto clave en la planificación de ciudades sostenibles. La gestión de los residuos sólidos urbanos, un desafío ambiental significativo, requiere la implementación de estrategias de reciclaje y valorización energética. La calidad del aire, monitoreada por estaciones de muestreo, influye directamente en la salud pública y la habitabilidad de las áreas urbanas. La provisión de espacios verdes y áreas recreativas contribuye al bienestar de los ciudadanos y a la mitigación del efecto isla de calor. La gentrificación, un proceso de transformación socioeconómica, altera la composición demográfica y el carácter cultural de los barrios. La inversión en transporte público es un factor que puede mitigar la congestión y reducir las emisiones de carbono.","libro","artificial"
"El mecanismo de propulsión, un sistema electromecánico de alta eficiencia, generó la fuerza impulsora necesaria para el desplazamiento del vehículo. La interfaz de control, equipada con sensores de posición y velocidad, permitió la regulación precisa de los parámetros operativos. El sistema de navegación, basado en coordenadas geográficas satelitales, calculó la trayectoria óptima para el destino predefinido. La fuente de energía, un paquete de baterías de litio-ion de alta capacidad, proporcionó la potencia eléctrica requerida para el funcionamiento continuo. Los algoritmos de gestión térmica, integrados en la unidad de control central, monitorearon la temperatura de los componentes críticos para prevenir el sobrecalentamiento. La comunicación de datos, encriptada para garantizar la seguridad de la información, se transmitió a través de una red inalámbrica de alta velocidad. La estructura del chasis, fabricada con aleaciones ligeras de alta resistencia, optimizó la relación peso-potencia. La durabilidad de los componentes, certificada mediante pruebas de ciclo de vida aceleradas, aseguró la operación a largo plazo. La ausencia de emisiones contaminantes durante la fase de operación contribuyó a la sostenibilidad ambiental del sistema.","libro","artificial"
"La entidad ficticia, un constructo narrativo con atributos predefinidos, manifestó una secuencia de comportamientos en el entorno simulado. Su motivación principal, intrínsecamente ligada a la consecución de un objetivo programado, impulsó sus acciones. La interacción con otros elementos narrativos, también entidades ficticias, se rigió por reglas lógicas de causa y efecto. El discurso verbal de la entidad, compuesto por frases algorítmicamente generadas, carecía de subtexto emocional o matices idiomáticos. La progresión de la trama, lineal y predecible, siguió un arco narrativo convencional sin desviaciones imprevistas. El desenlace, una resolución preestablecida de los conflictos, se ejecutó con eficiencia y sin ambigüedad. La ausencia de libre albedrío, una característica inherente a su naturaleza artificial, limitaba su capacidad de improvisación o decisión independiente. La apariencia física de la entidad, descrita con precisión milimétrica, correspondía a un modelo predefinido sin variaciones. El impacto emocional en el receptor, si existía, se atribuía a la proyección de interpretaciones subjetivas.","cuento","artificial"
"La fenomenología de la conciencia, un campo de estudio en la filosofía de la mente, explora la naturaleza de la experiencia subjetiva y la estructura de la intencionalidad. La cualia, entendida como las propiedades intrínsecas y no reductibles de las sensaciones subjetivas, presenta un desafío considerable a las teorías materialistas de la mente. La intencionalidad, la propiedad de la conciencia de estar dirigida hacia un objeto, es un concepto central en la obra de Husserl y sus sucesores. La experiencia vivida, o *Lebenswelt*, constituye el fundamento pre-reflexivo de nuestra interacción con el mundo, moldeando nuestra percepción y cognición. La reducción fenomenológica, un método de investigación, busca suspender las presuposiciones naturalistas para acceder a la esencia de la experiencia consciente. La corporeidad, la relación intrínseca entre la conciencia y el cuerpo, es un aspecto fundamental de la fenomenología encarnada. La intersubjetividad, la comprensión mutua entre las conciencias, es un requisito para la construcción de un mundo compartido. El problema difícil de la conciencia, la explicación de cómo la materia física genera experiencias subjetivas, sigue siendo un enigma central.","ensayo","artificial"
"La interconexión de sistemas neuronales, una red biológica de procesamiento de información, operaba mediante la transmisión de impulsos electroquímicos a través de sinapsis. La plasticidad sináptica, la capacidad de las conexiones neuronales para modificarse con la experiencia, subyacía a los procesos de aprendizaje y memoria. La arquitectura del cerebro, una estructura jerárquica y modular, facilitaba la especialización funcional de las diferentes regiones. La generación de potenciales de acción, eventos eléctricos de corta duración, permitía la propagación de señales a larga distancia. La neurotransmisión, la liberación de sustancias químicas en la hendidura sináptica, mediaba la comunicación entre neuronas. La codificación neuronal, el patrón de actividad eléctrica que representa la información, era el fundamento de la percepción y la cognición. La neuroplasticidad, la capacidad del sistema nervioso para reorganizarse estructural y funcionalmente, era crucial para la adaptación a los cambios ambientales. Los circuitos de retroalimentación, bucles de control que regulaban la actividad neuronal, contribuían a la estabilidad y la precisión de las respuestas. La complejidad de esta red biológica excede la de cualquier sistema artificial conocido hasta la fecha.","libro","artificial"
"El dispositivo de procesamiento de datos, optimizado para el análisis de grandes volúmenes de información, ejecutaba algoritmos complejos con una eficiencia operacional sobresaliente. La interfaz gráfica de usuario, diseñada con criterios de usabilidad ergonómica, facilitaba la interacción del operador con el sistema, minimizando la curva de aprendizaje y optimizando la productividad. Los protocolos de comunicación, estandarizados para asegurar la interoperabilidad con otros sistemas, garantizaban la integridad y la confidencialidad de los datos transmitidos. La capacidad de procesamiento paralelo, una característica distintiva de su arquitectura, permitía la ejecución concurrente de múltiples tareas, acelerando significativamente los tiempos de respuesta. El sistema de refrigeración integrado, con tecnología de disipación térmica avanzada, prevenía el sobrecalentamiento de los componentes críticos, asegurando la estabilidad operativa a largo plazo. La modularidad del diseño facilitaba la expansión y la actualización de los subsistemas, prolongando la vida útil del equipo. La robustez del hardware, certificada mediante pruebas de estrés rigurosas, garantizaba un rendimiento óptimo en entornos de alta demanda. La documentación técnica, detallada y exhaustiva, proporcionaba información precisa para el mantenimiento preventivo y correctivo. La eficiencia energética del dispositivo contribuía a la reducción de la huella de carbono operacional.","ensayo","artificial"
"El protagonista, un individuo de características antropológicas promedio, inició su desplazamiento pedestre hacia el punto de destino previamente establecido. Su indumentaria, consistente en prendas de confección industrial, no presentaba anomalías reseñables. La trayectoria seguida fue la más directa, minimizando la distancia y el tiempo de recorrido. La observación del entorno circundante reveló la presencia de elementos urbanos convencionales: edificaciones de concreto y asfalto. La interacción con otros individuos fue mínima, limitándose a intercambios verbales monosilábicos con fines transaccionales. El clima, catalogado como templado con nula precipitación, no representaba un factor de riesgo para su integridad física. La respiración del sujeto se mantuvo en un rango normal, indicando ausencia de estrés fisiológico. La activación de los receptores visuales procesó la información lumínica del ambiente, generando una representación mental del espacio. La audición, sin registrar frecuencias anómalas, confirmó la ausencia de eventos sonoros atípicos. El objetivo de su deambulación era la adquisición de bienes de consumo primario en un establecimiento comercial.","cuento","artificial"